"","site_code","species","LAT_geogr","LON_geogr","grate20","ddif","tea","ph","Pmeh","Ptot","N","Mg","K","Ca","C","CN","NPtot","NPmeh","PC1","PC2","PC3","twi","cwb"
"1","C004031PCAB","PCAB",49.39781527,15.0247798533,0.04613143554958,0.90863254023015,0.331818364967,0.0651253527028633,-0.662779050102029,-0.615178496031338,-0.763809529971265,-0.0986139514772478,0.411402731424746,0.565218477703939,-0.0924455704533098,1.09245835028383,-0.0672429894880558,0.145974628782345,0.0858239305031489,-1.25709037568077,-0.177576011841379,0.924117360531322,-1.36050620676104
"2","C004057PCAB","PCAB",50.38838654,13.003677779,0.967051525833257,2.37354407623923,0.887551071314715,1.45720098454635,1.21345019818026,1.16035296602086,0.218891920517393,0.283798572957959,0.760033753356336,0.221844148375611,-0.0647972163491476,-0.45537256538415,-0.894241981350003,-0.98772276307366,1.68737368312021,1.81484471296315,0.16488859667763,0.486775097370417,-0.493981970547861
"3","C004067PCAB","PCAB",48.6730349817,14.5990250352,-0.515435324495841,1.07342973771164,0.150728346695029,-0.310391899749596,0.135454397543781,-0.31311460146863,-0.725041700224022,0.0204470683693346,1.01718405086361,0.23465169029793,0.519947916670983,2.10532635043888,-0.334179892374796,-0.60795841155763,0.404785836453132,-0.608637537768437,0.862247634259122,0.32867070622926,-1.02172034265217
"4","C004230PCAB","PCAB",49.10707568,13.3223680058,-0.636641948664119,-0.863090222834055,0.0918480387168211,-1.15072808847911,0.633613618856307,-0.57001853233846,1.70842240309334,-1.17085244682722,-1.129979305554,-1.05200849185253,1.45757905666866,-0.237885598079596,1.75164072154612,-0.27960289428881,-2.76271636385344,0.800686797262467,1.66585616823037,0.13996721169831,1.32557929725848
"5","C004237PCAB","PCAB",49.1674697347,13.1888270906,-0.894307670364159,-1.95505584173912,0.146698681744468,-1.18192892619918,1.10941161904668,-0.628182158583226,1.63033742732217,-1.01005390530835,-0.958045506743705,-0.934170611644713,1.0157636064144,-0.742581494376148,1.76993712789288,-0.604383966638396,-2.2318644780558,1.00356264087,1.66157613014048,-1.17227926341024,0.976896798153143
"6","C004238PCAB","PCAB",48.9923720486,13.8212608983,-1.00160057116824,-0.713989210819213,0.129196320283253,-1.13001208476349,-0.479162891203722,0.683889257703171,0.119908936954809,-0.90350747118868,-0.0113803745496333,-0.786991964506772,0.187787218843233,0.0935586054309682,-0.609679777646382,0.260672926445136,-0.99426772732232,0.86000714524037,-0.872918214981338,-1.21224150009067,-0.555309390062338
"7","C004240PCAB","PCAB",48.9776004298,13.5637049635,-1.07516667269311,-0.0126084269539528,0.625879225365283,-1.51267818453215,-1.78314228887361,-1.18039106430032,-0.227814787178383,-0.453983680917394,-0.667553778129082,-0.301876506191422,1.75935613764831,3.26256592520233,1.02480047399498,3.06004117605918,-3.84495922029008,-2.68292832261785,0.459203488285914,2.30676217196839,0.404237046645272
"8","C004241PCAB","PCAB",49.1657475631,13.1870492183,-0.261715827501677,0.828449355155498,0.146698681744468,-1.18192892619918,1.10941161904668,-0.628182158583226,1.63033742732217,-1.01005390530835,-0.958045506743705,-0.934170611644713,1.0157636064144,-0.742581494376148,1.76993712789288,-0.604383966638396,-2.2318644780558,1.00356264087,1.66157613014048,-1.05230712646522,0.878387062633427
"9","C004242PCAB","PCAB",48.7762054932,13.8496101723,-0.732744426142142,-1.29577065751291,0.108229815638328,-1.36983123658813,-1.15213851294524,0.627689408252013,0.750478657235051,-0.86332731351019,-0.606115662568913,-0.948041263114015,0.698682881712912,-0.0410643657293468,-0.170291960279731,1.6630628348404,-2.39738272378143,0.515499960168373,-0.967273217742628,2.27214442613218,-0.271975823292771
"10","C004243PCAB","PCAB",48.7714834187,13.8442210352,-0.154623625816478,1.11420271554402,0.0211784745938695,-1.26596376735712,-0.400244329122833,0.671526327910619,0.780655512015613,-0.739661078515949,-0.590454953690424,-0.944899762943997,0.866241243326677,0.166016596593713,-0.187777909184319,0.407488293606091,-1.76051305411996,1.024426636253,-0.15563338199101,-0.918372080032121,-0.230533090307022
"11","C004246PCAB","PCAB",48.8490068136,14.0171971605,0.878299619910889,-0.388953267198882,-0.554956359230011,0.152098709215362,1.62722409075015,2.3108215860399,0.356749381096665,0.0479569889094797,1.4586854615206,0.0441674680713777,-0.582122106759401,-1.45794910695509,-1.5062207874397,-1.13579320448764,2.50177277321639,3.0482688347441,-0.324213665447127,-0.280296484815716,-0.768494783851863
"12","C004248PCAB","PCAB",48.8478398788,14.0285304169,-0.0245464604990096,-0.295595360821361,0.0793018616843731,-1.04828448538277,-0.569059185471369,0.943602996717821,0.309012393986678,-0.386427018194276,0.279630849559348,-0.514257115049006,1.5888578003133,2.00598403156326,-0.68801192711744,0.447079115497802,-1.29273009362811,0.610035362971872,0.489970561494807,-0.0250777678138685,-0.768494783851863
"13","C004249PCAB","PCAB",48.7457318307,13.9151084016,0.280945208871733,-0.114170558210822,0.268917320647346,-1.09019193562842,-0.445531458762284,1.15661087501172,-0.0933308409372606,-1.01366919558927,-0.837393185529629,-0.867943511811183,0.425263212151609,0.816071764746114,-1.07425874614398,0.141402355472821,-1.14627239554597,1.06308431418712,-0.991035798834155,-0.570875353490695,-0.383874596981301
"14","C004251PCAB","PCAB",49.1708865318,13.1829383969,-0.702962333575074,-0.288429239762384,0.396652976098535,-1.13211402670531,2.01370557978859,-0.509823887753533,1.65200559524482,-0.641157261385085,-0.838171725430353,-0.900786720072062,1.3587515358484,-0.301142557108565,1.63059837486623,-1.02508325301975,-1.85514978985615,1.44670559233819,2.46724413458019,-0.825012727697615,0.878387062633427
"15","C004252PCAB","PCAB",49.1788037949,13.1562999819,-0.907696442580351,-1.27424016668098,0.434135681325314,-1.02857802909185,0.840160205415375,-0.33456914560222,1.01231661572966,-0.686265479375575,-0.905077147289197,-0.983406645670477,0.367199872167791,-0.882042370548628,0.946604559505692,-0.596852545501293,-1.57229543845713,1.06056375524306,0.671430467671868,-0.917307476292595,0.570295972849121
"16","C004253PCAB","PCAB",49.1983940934,13.2486398182,-0.756466898548336,-0.295862936105316,1.16393886906994,-1.2673123915484,0.0338123162775837,-0.210098269512623,1.09596393762044,-1.16262065491093,-0.803050938437735,-0.937208183611801,1.0392555163729,-0.0200885098777077,0.866551176831599,0.0421711946228968,-2.65372943191143,0.869051932740332,0.476834391809444,-0.622397926144265,0.913232726327685
"17","C004255PCAB","PCAB",49.1281340899,13.2925469896,-0.893384738606088,-0.385250983498273,0.503817500960215,-1.24892172002764,0.0807285565336686,-0.790486533086103,1.8555103120335,-1.22272403640388,-1.03746071696895,-1.02725564688046,1.6276610063072,-0.193301555681017,2.17003013703244,0.233581488720194,-3.48051310559837,0.424393361397174,1.57884490455703,-0.821414408618259,1.1843640498337
"18","C004256PCAB","PCAB",49.1761368841,13.1672720394,-0.0552288405298749,1.07815470277944,0.730055987109994,-1.10689158218597,0.743696031082667,-0.391312912746521,1.12463012622493,-0.75640269750911,-1.01292274243333,-0.955890084598841,0.71367385556913,-0.526884991408195,1.09435726293071,-0.507752519532919,-2.01393844560745,0.989170190954636,0.907165972054176,-0.493563557607088,0.685946825992452
"19","C004258PCAB","PCAB",48.7514543018,13.9036365134,-0.25774320416188,-1.78650091683503,0.14761935530237,-0.898752342891031,-0.326395292816711,1.00894197020244,0.168600691277879,-0.841513015652369,-0.643070949590603,-0.829918255693558,0.259748130459253,0.134214131049285,-0.818946338779837,0.10172666713766,-0.94598620838054,1.15692475335395,-0.898835613589378,-0.739361882192971,-0.399814217196148
"20","C004260PCAB","PCAB",48.9935354084,13.8151869724,-0.156209640664185,-0.340206553811224,0.161246871009563,-1.19859763714409,-0.267203393322087,0.712114448143791,0.635727323011975,-0.500159731242307,0.231592199381547,-0.592005448335408,0.603071700667935,-0.0219018868047465,-0.31107194454631,0.200179352611374,-1.05519808101635,1.10056414903567,-0.140422629068251,-0.692376631740926,-0.555309390062338
"21","C004261PCAB","PCAB",48.9776198677,13.7982351305,-0.187850117384609,-0.686757519199902,0.304973146312369,-1.13431097006636,-0.761359346481716,0.891398209598194,0.56620867592704,-0.867676898499141,0.422522857343391,-0.689851204781058,0.312157757143574,-0.364958344743804,-0.49391333420572,0.830457836128667,-1.26860737623603,1.08789265748741,-1.00069761447312,-0.537771048886152,-0.461671778746409
"22","C004263PCAB","PCAB",48.7712330772,13.8586376664,-0.600107564551719,-1.55362576300069,-0.0723508845820326,-1.04630361878046,-0.0275345026140218,1.01722863184177,0.467315811300005,-0.988417664976255,-0.466744471404908,-0.956151297786663,0.521939673751558,0.0982118378552309,-0.646885679027133,-0.0996834471064746,-1.03106534629413,1.45299880627797,-0.454184676548816,-2.040764856827,-0.276101643652105
"23","C004264PCAB","PCAB",49.1097448999,13.3080181741,-0.890953590777746,-0.280794217797981,0.175420537362707,-0.518017728884854,1.03132972621077,-0.838823754141849,2.03423622559861,-0.893718398709172,0.493227650291209,-0.57540335213825,1.30776718693969,-0.83356658777412,2.38181667973025,-0.461997300323386,-1.89914391168557,0.840232749838235,2.33141803053252,-0.980929266963967,1.27588250432939
"24","C004266PCAB","PCAB",49.1291895157,13.29763037,-0.533244053344314,-0.499571944181374,0.799442391757249,-1.19178599215855,0.204820317551347,-0.615813058683335,1.58278922084917,-1.29909079616797,-1.00562065254526,-1.05855831921552,1.5705095838793,0.0776036051575462,1.71724757049677,0.0322285632908151,-3.24046956642432,0.632730799602686,1.36402750369581,-0.20154651571885,1.2137059996531
"25","C004267PCAB","PCAB",49.1963403838,13.250656362,-0.0863986829702148,-0.25345234104364,1.07618229415448,-1.36257438927625,-0.314679833734805,-0.409989673866951,1.25779311932918,-0.861836826350114,-0.626557893579333,-0.92132934121114,1.42930269681023,0.316084806942537,1.21425307912261,0.473187018864794,-3.08268382287766,0.438001903922502,0.854935590602422,-0.259688286937842,0.913232726327685
"26","C004268PCAB","PCAB",48.9769060977,13.5592604919,-0.310922032979333,-1.57503951775848,0.127423633429278,-1.23893671084582,-0.941666064239676,-0.2860707114389,0.586085022704483,-1.49523946152523,-0.933377446590924,-1.05733372473449,0.707187052118311,0.207655489802722,0.584683618770799,1.14947519584779,-2.79040034239671,-0.130995130347958,-0.542229267087243,-0.0863271152603581,0.486023502226002
"27","C004270PCAB","PCAB",48.7762280058,13.8308265855,-0.0504453066663178,-1.02964812606484,-0.0775836796825197,-1.03312720563897,-0.687663467772492,0.745158764595291,0.58543627511883,-0.514676569479765,-1.0675960834204,-0.960705534206158,0.465650498047092,-0.158550563157085,-0.368605339372361,0.724326495217537,-1.64110647562929,0.807155124616461,-0.755526738657072,1.58343746850919,-0.188121780747297
"28","C004271PCAB","PCAB",49.1670831499,13.1950182893,-0.350591352662739,-0.505776646167403,0.632017411178243,-1.16500358625161,0.694110524527705,-1.00176958231208,0.452008933151351,-0.924821204528354,-0.938863415977858,-0.829138859192366,0.815147126638644,0.572884642171739,1.34620302887803,-0.651173959441267,-2.04162678885422,-0.00123536448419867,1.24770774540947,1.43322606008617,0.976896798153143
"29","C004272PCAB","PCAB",49.1693887641,13.1826616445,-0.858116786548549,-0.517691483081347,0.396652976098535,-1.13211402670531,2.01370557978859,-0.509823887753533,1.65200559524482,-0.641157261385085,-0.838171725430353,-0.900786720072062,1.3587515358484,-0.301142557108565,1.63059837486623,-1.02508325301975,-1.85514978985615,1.44670559233819,2.46724413458019,-0.635909458426119,0.878387062633427
"30","C004273PCAB","PCAB",49.1672487519,13.1834915257,-0.809149840978794,-0.655930532877621,0.142458759332098,-1.17064793727732,1.46943597191068,-0.505987999358107,1.31949517690596,-1.01434781652073,-0.997502978286937,-0.955008174342433,1.48934596686117,0.316456421541408,1.37749560610623,-0.861049544075804,-2.0727688739722,1.02808137228506,2.12462488347422,-1.01488876399061,0.878387062633427
"31","M000012PCAB","PCAB",50.2303042537,16.4964629292,1.70145070758431,1.53030717594572,1.15123236337526,0.442917728442432,0.810215880763521,-0.701242463599936,-0.92123437186466,4.13539843893157,-0.0298209717376175,1.088586505344,-1.07402995531445,-0.394938790106202,-0.0990244491485983,-1.06936698577085,2.40878118660184,-0.854127509306594,1.02072417327735,-0.0226357132205597,0.40863646947689
"32","M000018PCAB","PCAB",49.5784572621,18.815878959,0.326197299288771,0.394595473727579,0.500232086635618,-0.375749795591112,-0.923325735067565,-0.657242349980971,-0.216871439512094,-0.904531003002036,-0.0154944994560926,-0.0339698349660655,-0.439393340690034,-0.415657346191726,0.394951134434914,0.756635826398498,-1.0258935390701,-0.782202429332159,-1.07510219506499,-0.848355278666224,-0.191514620758442
"33","M000019PCAB","PCAB",49.661790733,18.8005669793,0.590568344683529,-0.787576571520677,0.427222860824559,0.620300421258031,-0.870153235665338,-0.0525806635506064,-0.490739840944385,-1.10137144239845,0.899237529019984,0.451354765284768,-0.532122622634694,-0.143350177887084,-0.404996168206054,0.550040638963932,0.243450037908445,-0.44589350060218,-1.3656094575167,-0.584543886536981,0.12483543337679
"34","M000050PCAB","PCAB",49.6622207747,17.5282717524,2.07944869677124,2.71321435279249,-0.305907846583125,0.437767188805945,0.1889820897568,-0.0381082613844259,-1.04117321256705,0.325146711916508,0.0432932481444281,0.854034197129183,-0.931560105903024,0.0702410918816434,-0.798930058180136,-0.741555762308139,1.77776338610261,-0.497887742413348,-0.523330238816498,0.126454409559419,-1.42961258254202
"35","M000094PCAB","PCAB",50.6621856055,15.5747405524,-0.437518881827971,0.484058549162565,1.54437720629825,0.107180586172027,-0.639249244738027,0.121086593203353,-0.220785495105385,0.0208476552526188,-0.19193183305004,-0.299399288919945,-0.411765469849149,-0.363713929112686,-0.372220375133229,0.332429932070619,-0.547041947408506,0.225046153846346,-1.19965934995883,0.469194012831052,-0.0130385188219452
"36","M000096PCAB","PCAB",50.7989377141,15.464832162,-0.926431521267662,-0.521724845150582,0.678611320736776,0.824216513382368,-0.945329969665909,-0.114085220728838,0.931155404381475,0.654641794502796,0.358156664475614,-0.491939444743827,-0.178723432178471,-1.57702608492922,0.646238772888802,1.31208329629526,-0.804098772680785,0.0780525255705333,-0.647789929768768,0.209098113149605,1.43305900003133
"37","M000097PCAB","PCAB",50.7594920282,15.5209407983,-0.219952817575393,0.712006423579603,-0.20383170156422,0.748578893140507,-0.903637942386974,0.139730168147723,0.367098374014981,-0.565469038009478,0.387124081149156,-0.389509966148837,0.282660541847375,-0.125496480726805,0.00788651197822543,0.982817507098759,-0.578576209938442,-0.109213304369586,-0.607558170665154,0.33326875078058,1.43532290161757
"38","M000098PCAB","PCAB",50.720321169,15.7070491131,-0.043186663690119,0.171300102107954,0.239047551493027,0.427124218792595,-0.907635243067934,-0.103414830905005,-0.0213390492876128,0.685444500556247,0.470301899700841,-0.387354261605893,-0.519654763150644,-0.837742154990057,-0.0313026814677039,0.817380221971195,-0.02095997314009,-0.294909156400061,-0.930453113757591,0.518705128586157,1.06028937288328
"39","M000099PCAB","PCAB",50.720321169,15.7070491131,-1.02855870652311,-0.0639695905691643,0.239047551493027,0.427124218792595,-0.907635243067934,-0.103414830905005,-0.0213390492876128,0.685444500556247,0.470301899700841,-0.387354261605893,-0.519654763150644,-0.837742154990057,-0.0313026814677039,0.817380221971195,-0.02095997314009,-0.294909156400061,-0.930453113757591,0.518705128586157,1.06028937288328
"40","M000117PCAB","PCAB",49.4440839039,18.3806600837,2.44930848069623,0.970478452929099,1.40496890212104,-0.496823135236609,-1.1376547465438,-0.429320927947283,0.403779753727594,-0.551386055430001,-0.0223704148511096,-0.231493996727273,0.102069295823529,-0.458784427534412,0.608218826223033,1.45884337840631,-1.99531804288098,-0.392642906601835,-0.902713448452321,-0.688656867952299,0.400390234197079
"41","P000004PCAB","PCAB",50.7717430408,15.607474927,-1.0842240510589,-0.335968496991835,-0.111839538257073,0.611342597941846,-0.971978338064349,-0.251431889074792,0.0526840233361214,-0.389130295525757,-0.4142953275911,-0.0561021916960496,0.412153996587972,0.558572312503771,0.165667009659472,0.962969588313333,-0.849931902967319,-0.853040947532667,-0.332001613651136,1.03360600207244,1.42951809808515
"42","P000007PCAB","PCAB",50.6893114248,15.805478215,-0.579126057534582,0.445288199683467,1.32356295488858,0.198283495288588,-0.159953885817107,-0.830126182466621,-1.04027101128156,0.198677052869965,-0.267029023666263,-0.0366240514385388,-0.932688296807991,0.0665838175548491,-0.0563527701806791,-0.47582971490121,0.191544487918643,-0.765211780507521,-0.795032504459736,0.777057049889535,0.370755316853842
"43","P000122PCAB","PCAB",49.198578208,13.2437831657,0.150906005628415,-0.050533205055033,0.701910200501114,-1.2733924790431,0.0897030437675912,-0.725678025304978,0.243732821210778,-1.27291588046242,-1.21793864809095,-0.992916816745166,0.88218961075208,1.00301705116179,0.828769178308672,-0.27415196184706,-2.41921847189128,-0.0730615138596139,0.567454747908038,0.101931120464706,0.913232726327685
"44","P000123PCAB","PCAB",49.2015800838,13.2485783241,0.211039708279028,0.923647264989584,1.16393886906994,-1.2673123915484,0.0338123162775837,-0.210098269512623,1.09596393762044,-1.16262065491093,-0.803050938437735,-0.937208183611801,1.0392555163729,-0.0200885098777077,0.866551176831599,0.0421711946228968,-2.65372943191143,0.869051932740332,0.476834391809444,-0.813951792700414,0.704195407040085
"45","P000124PCAB","PCAB",49.2212269834,13.2497754079,-0.838643076204534,-0.0787373762317623,0.920436201105091,-1.20650200058831,-0.690994477173438,-0.958481702326939,-0.697154893019558,-1.33953014704678,-0.812947686874339,-0.797180432634718,0.103803529327803,1.31808595305327,0.360668295165642,0.208996306217438,-2.05545313224955,-0.982659023821107,-0.606667536038477,1.74469457360621,0.190262075667084
"46","P000125PCAB","PCAB",49.2154981432,13.2439281001,0.119765477333773,1.28606421467018,1.58146296885515,-1.23064194196625,-1.04152126236073,-0.703890239143656,-0.400273695047204,-0.745189677643735,-0.175900662796283,-0.913150521154096,0.0852431924891059,0.76199274791741,0.305738544355992,0.878761540333733,-2.25451537391497,-0.653600358114859,-0.927630245145481,-0.0191557219339374,0.451154171432577
"47","P000134PCAB","PCAB",49.2004885137,13.2727712283,0.484002643196026,-1.27110166077498,0.98125036284592,-1.19210423044939,-0.641820639713839,-1.18249812334632,0.297583539086741,-1.26164718570807,-0.93927120908965,-0.912373910435202,1.1562121886608,1.34689182464677,1.46940035591089,0.542094034239231,-3.21634386708505,-0.931237666456534,0.62312884154348,0.0173742009023063,0.728079778872954
"48","P000135PCAB","PCAB",49.1960744394,13.2766039795,-0.849297562204106,0.305616012605743,1.30595584089724,-1.09311721727282,-1.29867735600148,-1.20187724574225,-0.363138818395863,-1.36229778824675,-1.10438480376939,-0.99049291342339,0.502624733804073,1.4054138765362,0.93949547173897,1.43036800601515,-3.29868116075193,-1.50557549146028,-0.702925090196063,1.10308761552237,0.728079778872954
"49","P000136PCAB","PCAB",49.1964852931,13.2827149927,0.00209536895256069,0.967004346983404,1.27699207452922,-1.2070263987625,-1.4900380828813,-1.09094516334437,-0.435432234576111,-1.03873180601615,-1.12419696373085,-0.906940506568902,0.210538851320843,1.03588799054189,0.735335744293545,1.88896915813541,-3.1911690001709,-1.57963809902026,-1.14172751169118,1.62096896388658,0.728079778872954
"50","P000138PCAB","PCAB",49.2120614485,13.2315859286,0.194186671958563,0.517796134520239,1.16763968263275,-1.13001448502925,-0.47556388212336,-0.927776661078148,-0.349362339022422,-1.19366795492709,-1.00158033857753,-0.84808060189221,0.292062464711209,1.02535625097348,0.604167865256629,0.0809605943621307,-2.2521643801739,-0.664677535056342,-0.294177433297571,0.328953538486224,0.423342887854885
"51","P000139PCAB","PCAB",49.1819131026,13.2929911727,0.820976540363632,3.63579242954317,1.28934363726478,-1.38437808107697,-1.63910777339595,-1.51191420934787,-0.236469316785464,-1.27689831865356,-0.927873093969389,-0.766820055901742,0.959585314808946,1.94635305933949,1.49047269445398,2.49051525639367,-4.100520046108,-2.27440936392175,-0.336694808648137,2.10012976693112,0.903762535144926
"52","P000142PCAB","PCAB",49.2036931064,13.1123078396,-0.833294172277468,-1.52303352116672,0.629840577325077,-0.967228369744405,-0.259214289237148,-0.437493372743151,-0.303894642591585,-0.966391871732058,-0.992943732238833,-0.928418437719047,-0.440244123244825,-0.282965807920339,0.0950721006411512,-0.133913234502992,-1.31075690012567,0.0347193506347757,-0.99548914880271,-1.24252123389316,0.0431087501336659
"53","P000143PCAB","PCAB",50.0431195018,13.2979871686,-0.607492873941966,-0.727001948939606,-2.53126835598736,0.821164731604564,2.5540920992262,0.303972372912852,-1.63541961759573,2.51175077720083,2.38715122111244,3.19944482310062,-0.952319038570178,1.156912279716,-1.45699787702628,-1.79734985414898,6.11054207345822,-0.827038352248264,2.18365570147187,-0.897447110016764,-2.26577044476104
"54","P000146PCAB","PCAB",49.1368019056,13.5022801621,0.157110414496919,-0.68354434739153,-0.349283278847918,-0.433863268092067,0.6723334315189,-0.699657352476168,-1.17815545234662,-0.294241938874174,0.179124390626145,0.294560561729664,-0.496691828979532,1.12971945463032,-0.298784804737688,-1.06623556162786,0.961052286794467,-0.79249000212051,0.278466166144248,-1.37542475065387,-0.183222950079746
"55","P000148PCAB","PCAB",50.8896936511,14.259918029,0.447782418730065,0.957002587966095,-0.974209403278938,-0.0881579747528396,0.617169285432293,-0.0806799232437871,-1.93801357174802,-0.537681083421156,-0.54955182672799,1.16008132416064,-1.74917804992912,0.14469313823686,-1.38882468116944,-1.24016067880209,2.47351503982029,-0.741817222316385,-1.26460020588614,-1.28524154694311,-1.17012616644594
"56","P000150PCAB","PCAB",50.850399498,14.358322212,0.431318444204087,1.83927498147251,-0.260474101766364,-1.54922459425715,-0.201232284850959,-2.01442943287976,-1.83896334211096,-1.09904651492193,-1.67091226466059,-0.0990748540737891,-0.663898677577993,2.17914038143098,0.743898843566458,-0.711468121018757,-1.07905136898327,-2.67036713620566,-0.0562661408416041,0.568250415096957,-1.33978296982289
"57","P000153PCAB","PCAB",50.7563900091,15.6448758948,-0.624561359956683,0.200330720039218,-0.233650374829518,0.470593574151824,-1.02863937558943,-0.142110473336821,0.608649348663466,0.251994742317845,0.0424963268624383,-0.485820758233259,-0.0490374758925671,-0.971896280388502,0.449042977532641,1.32837306683964,-0.801630864679755,-0.328441082333544,-0.634894793570246,-0.477056773903518,1.23104035597419
"58","P000154PCAB","PCAB",49.792365564,15.7547511708,2.58869314528247,1.71436818782199,-0.038683020641604,0.193293498982308,-0.52380693772852,-1.0207359553188,-2.21620478471525,-0.552353742156009,-0.480941425189921,0.190780232062241,-1.9830107979933,0.214930721923633,-0.805609949251747,-0.572612514258184,1.23634485660831,-1.69857039519653,-2.0363143730573,-0.432120152589425,-1.27064834639562
"59","P000155PCAB","PCAB",50.2038818906,16.845730836,0.216237759956817,0.181139371808137,0.0383211491946969,0.349209288082992,0.326575104580943,0.217762812571174,0.150161022507806,0.541665610966313,-0.261006022524683,-0.434475390995938,-0.00961241481072172,-0.267168408796677,-0.207701330968336,-0.487878804040379,0.335269432718707,0.562872144745923,0.166292711899062,-0.742356556402542,0.0827760940881149
"60","P000156PCAB","PCAB",50.0795331249,17.2141184261,-0.105522368053894,0.177823044022969,0.327727263084255,0.368739205126004,-0.315972536338475,0.335484102360194,1.38594851715727,-0.44558494887714,-1.45946528489594,-0.587845752950684,1.16182909768026,-0.232178165409607,0.499747830277217,0.520001905778803,-1.85477946990898,0.73509250136061,0.392931011571127,0.884211921177467,0.320622904066379
"61","P000201PCAB","PCAB",50.7177521278,15.7725954877,1.92236856706242,0.907437812028844,1.49506750209075,0.533359590233236,-0.628182557611829,-0.0363532529402579,-0.148640041384715,2.02073389124642,1.14634289279922,0.350200366646372,-0.315671313950585,-0.314784299503279,-0.182494399309317,0.346415085607363,0.65796489351693,-0.216539911339802,-0.157792193731221,-0.757709730776569,0.780675917441136
"62","P000204PCAB","PCAB",50.7265033595,15.6472888334,-0.0875203386615595,-0.223609808087236,1.45673838866476,0.521960247073209,0.0588856528920222,-0.227176204076847,-0.217878983840037,0.860003348576207,1.69570856354194,0.065204401331273,-0.662531170270159,-0.785271429261201,-0.0515740039233634,-0.392061691903212,0.933736154074332,0.317386309489114,-0.274000617413859,0.351302366950454,1.05867034122447
"63","P000207PCAB","PCAB",50.0816643324,17.2896721948,1.8913930345669,-0.522876675003612,1.36332208447571,-0.0874541548338002,-0.206565697485657,0.124783546916167,0.511556983346096,1.09082792976142,-0.477604991356537,0.0561043282501416,0.729014712078209,0.350861582130791,0.11927078384958,0.0920400774364243,-0.806901170335475,0.27788998264376,0.623424056242191,0.726171715639614,0.0703146551818767
"64","P000208PCAB","PCAB",50.2045410719,16.8464172717,0.159985280371161,0.0331539046654911,0.0383211491946969,0.349209288082992,0.326575104580943,0.217762812571174,0.150161022507806,0.541665610966313,-0.261006022524683,-0.434475390995938,-0.00961241481072172,-0.267168408796677,-0.207701330968336,-0.487878804040379,0.335269432718707,0.562872144745923,0.166292711899062,-0.8429509889826,0.0827760940881149
"65","P000209PCAB","PCAB",50.2030233011,16.8454302882,0.26670133391757,0.711447548157549,0.0383211491946969,0.349209288082992,0.326575104580943,0.217762812571174,0.150161022507806,0.541665610966313,-0.261006022524683,-0.434475390995938,-0.00961241481072172,-0.267168408796677,-0.207701330968336,-0.487878804040379,0.335269432718707,0.562872144745923,0.166292711899062,-0.569469273079086,0.0827760940881149
"66","P000210PCAB","PCAB",50.1988137196,16.8410528602,0.924124336151109,-0.168236828362292,0.323471079023395,-0.295330687387508,0.723406974080358,0.0914169044676273,-0.115996106572703,0.135614593688458,-1.10025173221434,-0.595578089217407,0.00935229748591428,0.1698540533568,-0.275245446442368,-0.816504306761017,-0.149323903456556,0.61053263608408,0.189394470494145,0.0369932939439204,0.0387746997251531
"67","P000211PCAB","PCAB",50.1769600747,17.1170190173,-0.499720430576123,-0.098589582728998,0.00152291460058464,0.315217957315167,0.437361929130511,-0.184554618124588,0.661366007088127,0.72553571457106,-1.27118499674708,-0.578744308394535,0.306366349831949,-0.505806811712712,0.530454617096632,-0.422963103042906,-0.476439945271856,0.364919089215898,0.744016561481052,-0.570122673335675,0.258249963507596
"68","P000212PCAB","PCAB",50.1777983481,17.1180490615,-0.0328041375127189,-0.644739318002954,0.00152291460058464,0.315217957315167,0.437361929130511,-0.184554618124588,0.661366007088127,0.72553571457106,-1.27118499674708,-0.578744308394535,0.306366349831949,-0.505806811712712,0.530454617096632,-0.422963103042906,-0.476439945271856,0.364919089215898,0.744016561481052,-0.439379244724685,0.258249963507596
"69","P000214PCAB","PCAB",50.0797524772,17.2034231733,1.01275654622567,0.512777554698179,0.0180315846998945,0.810057275693231,-0.0321811267226564,0.445180585256873,0.877401530500797,0.418978266867631,1.02900834047693,-0.189868071137347,1.02713908927534,0.266524817134019,0.0676319559612627,0.0364320197446628,0.0529120645315783,0.697232465850204,0.969322330382897,-0.653121937487156,0.320622904066379
"70","P000215PCAB","PCAB",50.0777270095,17.2616053638,1.14099366789069,0.223106315911203,0.338801999004749,-0.00435378799174327,-0.738608294446554,0.144758683559457,1.11194944315338,0.512198079945824,-0.450750631034339,-0.249306630278039,1.2261945105084,0.22715100659848,0.504892743800177,1.02024822933771,-1.58185417023361,0.0693070109122762,0.651631420578286,0.551965279540523,0.291266541940991
"71","P000216PCAB","PCAB",50.7364968191,15.7574583282,-0.91262997619483,-2.55868964873042,0.00472523680791634,0.402371057750179,-0.921573402945618,-0.056856853233824,0.455877757422062,0.960631630655995,-0.107920330453834,-0.184271810721557,0.0574970859650622,-0.600909164838178,0.256188346346798,1.05424763294133,-0.477281837476986,-0.388055352270073,-0.285744133910086,-1.09747070623946,0.900084704421512
"72","P000217PCAB","PCAB",50.7182434669,15.6693682899,-0.114046110098629,-0.0517960687285006,-0.121397689372828,0.85781251014817,-0.316431608582775,-0.207590228577206,0.672135282012767,2.27865677322972,1.18383605854987,-0.358090679958457,-0.48926595227388,-1.71886419001485,0.562410948549599,0.268581080755307,0.894882850501993,0.0806236736490453,0.309045438179304,-0.435401814973727,1.05631879881483
"73","P000220PCAB","PCAB",50.1850940018,17.1358163223,-0.639098399860593,-0.565574071844459,0.784269515877562,0.249016247767913,-0.391406269650275,-0.433549670174993,-0.741341618658168,0.20245919761946,-1.06948657827426,0.27467528030908,-0.796373076111689,-0.195765649934538,-0.231546144059505,-0.155034520350472,0.0965104723445961,-0.693136857961268,-0.952950686270094,-0.834419613426829,0.0584887009209597
"74","P000222PCAB","PCAB",50.7400012162,15.663985181,-1.14881135167784,-0.493608544411491,-0.153354139713937,1.06270857833555,0.0321576842277729,-0.128907402485003,0.604778793692601,0.0223048725255896,1.51430419078809,0.14703511608249,-0.115976580901015,-1.06828317515564,0.432737047637071,-0.110946674654205,0.77125047585751,0.318201438393013,0.253436962863489,-1.52825333877981,1.15163495214727
"75","P000225PCAB","PCAB",50.7214616241,15.6749059653,-0.446447106555943,0.495654115624266,-0.119880313364656,0.762765612752968,-0.0547368163205086,-0.250221387271335,0.279402434360105,0.680816710208345,0.936156051425806,-0.410039901635518,-0.940881474948208,-1.91922605726604,0.32675435593044,-0.134953450984037,0.874638884100094,0.303712499174488,-0.493302973508708,-1.23619404522393,1.08571088354573
"76","P000228PCAB","PCAB",50.7583160265,15.6607567655,-1.3772187394101,-1.00634177595841,-0.422413841671484,0.599293122959506,-0.399197941836692,-0.107476347136854,0.707343382454923,-0.0194438522038359,-0.310174727329889,-0.302394732477488,-0.204586598157029,-1.33531302545487,0.482599896833207,0.379550154645309,-0.293197695722161,0.114517345182076,-0.333570902276221,-0.953486918005379,1.20825259313544
"77","P000229PCAB","PCAB",50.0690232076,17.2333702621,-1.45652271375074,-0.197162150330808,0.584068480784696,0.00504858248205964,-0.294982358402075,0.472202123639683,1.59157254492084,-0.160519293151515,-1.19996127171889,-0.471481080283405,1.78265900825237,0.35721505283275,0.502146567501202,0.566234850509691,-2.15614222641869,0.866839165156103,1.00350621172083,-0.88210882761927,0.323659304524692
"78","P000230PCAB","PCAB",50.081757986,17.2281246055,-1.45523768263721,0.282725057582256,0.0975682263484535,0.165239174661362,0.0391259282617572,0.363904620110665,1.15167158602872,-0.137614925930946,-0.973965538028881,-0.467072814671426,0.713754004728712,-0.562011252926073,0.319624707335718,0.0546002454500911,-1.03922574551886,0.90124625565144,0.398948992372175,-0.989475419073211,0.416313582667393
"79","P000231PCAB","PCAB",50.0648266269,17.2416282952,-1.09739943087662,0.604346300455705,0.691036631358221,0.0348843862317372,-0.139494268007097,-0.0548160533893342,1.57957129364351,1.12305441411478,-1.01095815493376,-0.435390986790902,1.35191225656336,-0.218468461178591,1.03429830675928,0.37833956582845,-1.7196009179586,0.466719799017969,1.43522409495908,0.271445542436739,0.206580521058736
"80","P000232PCAB","PCAB",50.0638750722,17.2398715457,-1.42364334895773,-0.0240808032312001,0.691036631358221,0.0348843862317372,-0.139494268007097,-0.0548160533893342,1.57957129364351,1.12305441411478,-1.01095815493376,-0.435390986790902,1.35191225656336,-0.218468461178591,1.03429830675928,0.37833956582845,-1.7196009179586,0.466719799017969,1.43522409495908,-0.598221654919503,0.206580521058736
"81","P000233PCAB","PCAB",50.0557892912,17.2233486397,-1.18948782666563,-1.48710369648291,0.0317591899018102,0.103482138991893,0.608599997685246,0.576585131450647,0.971068463279667,0.376150505634233,-0.762852256876968,-0.694895553372225,0.326030222006162,-0.888891830961178,0.0121420305801542,-0.458477017561432,-0.277798664364196,1.3997919883546,0.424842002125361,-0.39148916189648,0.0769734460800988
"82","P000234PCAB","PCAB",50.0571945498,17.2248937159,-1.39412399696395,0.521561234448902,0.626604039246335,-0.244301780588521,0.0544289374649035,0.13647720319869,1.42618025498262,-0.624059697538844,-1.37174688338441,-0.536271529561776,1.30975723460462,-0.0780900882897431,0.725034007725172,0.12585110359485,-2.10838424021485,0.876706841286148,0.822155359873556,-0.641343070302776,0.0769734460800988
"83","P000235PCAB","PCAB",50.7725010414,15.5607114608,-1.33535094068957,-0.341184885810409,-0.189704826896197,0.437062785999182,-0.223838433913817,0.204918914372291,0.122702659837796,-0.64268135660418,-0.139704965320059,-0.446931848795352,-0.550646532733747,-1.09176816183933,-0.214719937670488,-0.0227066910996232,0.0994425350460711,0.492118510728435,-1.00729213535672,0.48487007776226,1.73694825224168
"84","P000236PCAB","PCAB",50.0806841563,17.2253348532,-1.31129255133326,-0.0695559780058335,0.488479628232204,0.141732560062719,0.0153870724054168,0.216080347169537,1.34153198216416,-0.674918873816317,-1.41283552552147,-0.617298933646553,1.05928255253175,-0.318275503658865,0.587640910266173,0.13765912464149,-1.82475669388267,0.910380093473129,0.500138129695871,-0.54551707428279,0.416313582667393
"85","P000237PCAB","PCAB",50.0678693369,17.2449787567,-0.828582499631897,-0.0344912230873944,0.200418945048076,0.206571570833281,0.0215530705123056,0.163962503049309,1.26903251782165,0.957817342830874,-1.40247527456196,-0.446226851934981,1.19208969641436,-0.0352972309660245,0.591321909944223,0.108641327439794,-1.24630059768592,0.517489280154645,1.21776060114451,0.237367140414899,0.275574518935508
"86","P000238PCAB","PCAB",50.7576782395,15.6603062301,-0.486119601770907,0.243163942490244,-0.422413841671484,0.599293122959506,-0.399197941836692,-0.107476347136854,0.707343382454923,-0.0194438522038359,-0.310174727329889,-0.302394732477488,-0.204586598157029,-1.33531302545487,0.482599896833207,0.379550154645309,-0.293197695722161,0.114517345182076,-0.333570902276221,-0.851343026368775,1.20825259313544
"87","P000239PCAB","PCAB",50.0719946448,17.2313643382,-0.404691415031951,0.529447752295711,-0.120934801885641,0.456115638219324,-0.0106188020695135,0.231712645355562,1.25525871959893,0.334713424124414,-1.52916926000587,-0.510285647237697,0.96847448212372,-0.33399352697362,0.514736715107686,0.136144878323251,-1.17188709572304,0.593208823915739,0.78988576489717,0.172874226363028,0.323659304524692
"88","P000240PCAB","PCAB",50.7481717598,15.5255518209,-0.742647649957893,0.300280414776953,-0.0804441668108562,0.316680889121088,-0.87092371985845,0.00218503290368788,0.0150602198280768,-0.629810826024192,0.0882924003390475,-0.62169451374657,-0.808318610549057,-1.35741412832814,-0.104972376073546,0.772280472581573,-0.326924791911769,0.0391865326625929,-1.65426412638597,-0.760499034134371,1.2610420819823
"89","P000241PCAB","PCAB",50.7167067567,15.6700348986,-0.812980048170289,-0.00999897246679155,-0.121397689372828,0.85781251014817,-0.316431608582775,-0.207590228577206,0.672135282012767,2.27865677322972,1.18383605854987,-0.358090679958457,-0.48926595227388,-1.71886419001485,0.562410948549599,0.268581080755307,0.894882850501993,0.0806236736490453,0.309045438179304,-0.64439165579755,1.02012747956599
"90","P000242PCAB","PCAB",50.0798029138,17.2230389105,-1.19704847637993,-0.179150402388637,0.488479628232204,0.141732560062719,0.0153870724054168,0.216080347169537,1.34153198216416,-0.674918873816317,-1.41283552552147,-0.617298933646553,1.05928255253175,-0.318275503658865,0.587640910266173,0.13765912464149,-1.82475669388267,0.910380093473129,0.500138129695871,-0.219158538654942,0.416313582667393
"91","P000243PCAB","PCAB",50.0715196273,17.2321473088,-1.17664376997227,-0.293541505740255,-0.120934801885641,0.456115638219324,-0.0106188020695135,0.231712645355562,1.25525871959893,0.334713424124414,-1.52916926000587,-0.510285647237697,0.96847448212372,-0.33399352697362,0.514736715107686,0.136144878323251,-1.17188709572304,0.593208823915739,0.78988576489717,-0.963749688801587,0.323659304524692
"92","P000244PCAB","PCAB",50.0556446288,17.2217931373,-0.723846036818034,0.128823299818806,0.0317591899018102,0.103482138991893,0.608599997685246,0.576585131450647,0.971068463279667,0.376150505634233,-0.762852256876968,-0.694895553372225,0.326030222006162,-0.888891830961178,0.0121420305801542,-0.458477017561432,-0.277798664364196,1.3997919883546,0.424842002125361,-0.444840562619734,0.0769734460800988
"93","P000245PCAB","PCAB",50.7567517394,15.5124417589,-0.947127330619323,0.185821635818735,-0.0546028891079036,0.478325063013591,-0.985861629620628,0.0514947024669216,0.620789571158159,0.156094056910049,0.454882135554444,-0.513944002078329,0.0276858906532229,-0.871852815582353,0.263557483311937,1.24930955161134,-0.68203924701811,-0.0458143560818756,-0.654493836034698,-0.711062493743097,1.33100215425003
"94","P000247PCAB","PCAB",50.7703705443,15.5609044351,-0.835650270969541,-0.10747480780212,-0.189704826896197,0.437062785999182,-0.223838433913817,0.204918914372291,0.122702659837796,-0.64268135660418,-0.139704965320059,-0.446931848795352,-0.550646532733747,-1.09176816183933,-0.214719937670488,-0.0227066910996232,0.0994425350460711,0.492118510728435,-1.00729213535672,0.833902641231053,1.58483053263384
"95","P000248PCAB","PCAB",50.5400985987,13.2818958958,-0.751698298326572,-0.282760553194482,-0.323070051804597,1.54686885583949,-0.590440117292441,-0.493902982800983,-0.604473611848028,2.3907207736184,1.26875590495697,1.2127999994961,-0.302411448618611,0.44245469280931,-0.0705468134489182,0.119434422199536,2.09251624362501,-1.56726786787047,0.641921005263784,0.728902605476839,-0.803158758931945
"96","P000251PCAB","PCAB",50.740154599,15.6773642558,-0.230549077270799,0.0871829539689782,-0.11953502154219,0.609248038055805,-0.969937012682395,-0.138062894465593,0.543639791788922,-0.422024197753435,-0.163520394779732,-0.257509364500331,-0.306690664325615,-1.27815739787502,0.399150154097237,1.18337595100617,-0.747599324940802,-0.240518219583635,-1.0360795444608,0.0929205462322123,1.14291864673013
"97","P000257PCAB","PCAB",50.7803756511,15.5083468589,0.275640664094952,0.20434515004023,0.157105048780431,0.699271025478524,-1.30048754599503,-0.0635645583353942,0.204260486843796,-0.509481679289138,0.278759270364318,-0.615339856856182,-1.0007863230249,-1.91756300313007,0.0878992366084106,1.73865407194248,-0.618259719346686,-0.202976509403601,-2.16255083535352,1.50778711016062,1.57647342298046
"98","P000258PCAB","PCAB",50.7569490684,15.5534778646,0.185639734327004,-0.571609123407742,-0.0135241273696051,0.700076833685361,0.678926719810745,0.620947766318126,0.550478812114835,0.0606606650208878,2.21015734384794,0.517541151016033,0.131880075628831,-0.617925116055518,-0.290382878686309,-0.615923554480706,1.52855568620905,1.20292962753684,0.606784562249301,-1.26082457969628,1.49337644324874
"99","P000847PCAB","PCAB",49.5677407698,15.9912379072,-0.0103269658853997,1.18275309924442,0.0437545265265391,-0.570857593716814,-1.73050363227777,-0.901381977310667,-0.570701559302911,-0.329483004494296,0.253831885951514,0.544869484233388,-0.122361589098499,0.697571645804204,0.395738853216041,2.6037140929294,-1.42073477297484,-2.29806358277,-1.09535316209217,1.28655640429113,-1.41943580422905
"100","P800001PCAB","PCAB",49.0040163355,13.7322916897,0.409809818547355,-2.83114050898103,0.239151245441605,0.116047286394754,0.0898854205351918,2.37861204452639,-0.924221226331309,-0.467810865364614,0.752360918532665,-0.151189846438994,-0.942047129889601,-0.150596993547155,-2.18765298939599,-0.635710018777268,1.82616363613739,1.99816324174947,-1.99545960320778,0.232266462518979,-0.43959017142637
"101","P800008PCAB","PCAB",48.9638445225,13.8149193479,0.483574434029753,-1.54425868282784,-0.218512046296851,0.311816695407876,0.733684194861744,2.43741013241207,-0.762201196119236,-0.445662859682041,0.279704942205068,0.079514507886755,-0.901631033874404,-0.348216319009125,-2.13233428334993,-0.989591056316891,2.22597799668256,2.20546015148372,-1.5357061871763,1.43547809757397,-0.546282661704374
"102","P800010PCAB","PCAB",48.9590549919,13.7958691191,0.482160098651371,0.0562820086820409,-0.302394255159349,1.25281869141305,3.66707285037577,1.74031702670032,-0.328823475925357,2.00163407488963,3.09573700574316,0.874509532855672,0.161238687543531,0.769617589320139,-1.55945999841102,-1.80739524412384,4.61648209245352,2.42097920134846,2.39409066946539,-1.5302896156553,-0.531391440267545
"103","P800019PCAB","PCAB",49.0089226208,13.8882016872,1.17963919469648,1.77866186262478,-0.120854885016632,-0.307696009176014,-0.547017433532109,-0.250509690339907,-0.909910944208841,0.576472820928455,0.89414096951024,0.941018888595449,0.031827489037885,1.58815770247901,-0.524390147333069,-0.0496928495446703,0.819088908251749,-1.197175560274,0.232430552180511,-0.821653142148084,-1.09624081681559
"104","P800024PCAB","PCAB",48.6355799314,14.0588510711,0.0189783237248056,0.0700141567990377,0.148766139062902,-0.686395807159562,-0.0137326253619283,-0.314987186057005,0.308135436015302,-0.282439242853424,-0.450583780801304,-0.27404820376456,1.75675937602271,2.27052214183196,0.414912604073159,-0.163336912461173,-1.54719173290926,-0.354960427750239,1.65029160820237,-0.898633389340736,-0.753106782815957
"105","P800031PCAB","PCAB",48.8806499096,13.8350047704,0.566806888350893,-0.815509876566718,-0.479707389707546,1.02081498617745,1.6354987979863,1.37342782884397,-0.457667475044301,1.83650801298696,2.4932174603713,0.894324700249108,-0.765302045831244,-0.595434846321135,-1.42030731918,-1.31055005831684,4.00041904052612,1.52686044655356,0.568238082683738,-0.525358521984377,-0.46833093398369
"106","P800044PCAB","PCAB",49.1030143807,17.1760086042,1.16761717906241,0.616660571342303,-4.21848642424224,3.02910873087634,1.59493043628237,-1.56166809062928,-3.30567961857984,0.593626400060409,0.204440903209146,2.73303642291578,-3.02072490909963,0.241122226759092,-1.21103641194207,-1.90051054500522,6.69499399158964,-3.39032573427582,-0.265130326260635,-1.19763344443612,-1.98193322355254
"107","P800047PCAB","PCAB",49.3899945942,17.9700217091,0.820577867982138,-0.123780707506802,-2.58131802124068,1.31970183467008,-0.78982994720974,-1.40553997407736,-2.20545724542585,-0.322942076610297,-0.372613942434936,1.42815513768959,-2.30920103255324,-0.515026101305578,-0.395717530796956,-0.294218926144865,2.80689409916837,-3.02069901400877,-1.68418024278628,0.535734401606266,-1.10241883423321
"108","P800058PCAB","PCAB",49.4380400548,16.0410305308,0.34053416766364,0.278649313510051,-1.35422037155856,0.90269581764258,-0.250178054842241,-0.88748563471161,-1.06688956099477,1.4461309514538,0.000574000680852688,1.59171816772143,-0.513625141787446,0.887503524127819,-0.0157311165232184,-0.406161963504862,2.05377198564734,-2.20748733026116,0.697958682126453,2.79810531107623,-1.80528565444601
"109","P810003PCAB","PCAB",48.6661855366,14.707769216,0.889344410284905,-0.577918032359161,-0.6193628017394,0.764749148460323,0.250260459664138,-0.668253912916885,-0.496492106328953,1.21678582345749,0.351057905876114,1.89544810527591,-0.769007340687869,-0.541418112594572,0.192759534400978,-0.621917238672317,2.1297426311119,-1.22547954296792,0.573277240684623,-0.385636842827404,-0.781692310702649
"110","P810004PCAB","PCAB",48.6661855366,14.707769216,0.869941820670163,-0.269052256706024,-0.6193628017394,0.764749148460323,0.250260459664138,-0.668253912916885,-0.496492106328953,1.21678582345749,0.351057905876114,1.89544810527591,-0.769007340687869,-0.541418112594572,0.192759534400978,-0.621917238672317,2.1297426311119,-1.22547954296792,0.573277240684623,-0.385636842827404,-0.781692310702649
"111","P810005PCAB","PCAB",48.6661855366,14.707769216,0.841308765852712,-0.673240648991537,-0.6193628017394,0.764749148460323,0.250260459664138,-0.668253912916885,-0.496492106328953,1.21678582345749,0.351057905876114,1.89544810527591,-0.769007340687869,-0.541418112594572,0.192759534400978,-0.621917238672317,2.1297426311119,-1.22547954296792,0.573277240684623,-0.385636842827404,-0.781692310702649
"112","P810104PCAB","PCAB",48.9787056485,13.8119546067,0.952055423138803,-0.723533544028517,0.0391922902128844,0.295076211355311,0.772006479260709,2.72047558223743,-0.816784378169792,-0.705654701923643,0.878294747310457,0.0990348193860736,-0.745404369889342,0.0213096477066228,-2.28131647323702,-1.02350134464112,2.29963570246781,2.47368219051631,-1.51499247145154,2.02231372151859,-0.521548877019066
"113","P810113PCAB","PCAB",48.9787056485,13.8119546067,-0.441505083448601,-0.698861579622215,0.0391922902128844,0.295076211355311,0.772006479260709,2.72047558223743,-0.816784378169792,-0.705654701923643,0.878294747310457,0.0990348193860736,-0.745404369889342,0.0213096477066228,-2.28131647323702,-1.02350134464112,2.29963570246781,2.47368219051631,-1.51499247145154,2.02231372151859,-0.521548877019066
"114","P810114PCAB","PCAB",48.9787056485,13.8119546067,0.0680066947319991,0.0650719856354768,0.0391922902128844,0.295076211355311,0.772006479260709,2.72047558223743,-0.816784378169792,-0.705654701923643,0.878294747310457,0.0990348193860736,-0.745404369889342,0.0213096477066228,-2.28131647323702,-1.02350134464112,2.29963570246781,2.47368219051631,-1.51499247145154,2.02231372151859,-0.521548877019066
"115","P810123PCAB","PCAB",48.9787056485,13.8119546067,0.202374534406366,-0.43907745678278,0.0391922902128844,0.295076211355311,0.772006479260709,2.72047558223743,-0.816784378169792,-0.705654701923643,0.878294747310457,0.0990348193860736,-0.745404369889342,0.0213096477066228,-2.28131647323702,-1.02350134464112,2.29963570246781,2.47368219051631,-1.51499247145154,2.02231372151859,-0.521548877019066
"116","P810124PCAB","PCAB",48.9787056485,13.8119546067,0.358404167956062,0.0489403271611708,0.0391922902128844,0.295076211355311,0.772006479260709,2.72047558223743,-0.816784378169792,-0.705654701923643,0.878294747310457,0.0990348193860736,-0.745404369889342,0.0213096477066228,-2.28131647323702,-1.02350134464112,2.29963570246781,2.47368219051631,-1.51499247145154,2.02231372151859,-0.521548877019066
"117","P810150PCAB","PCAB",48.9743671519,13.8070262676,0.798881392662075,1.04664784024858,-0.0953231604342028,0.0462173787005868,1.34856105159891,2.39978539752041,-0.319611066566846,-0.814993187952518,1.05730892333899,-0.242832573890461,-0.62786280183962,-0.574291368690435,-1.8927284737589,-1.16964102768868,2.06238345569039,2.8687459055132,-1.02208533873311,0.261336540036313,-0.461671778746409
"118","P810153PCAB","PCAB",48.9698142316,13.8174358305,0.498294587951829,-2.05765462043514,0.312685559462343,-0.0443399881535655,0.462808979233825,2.01951602986332,-0.739214142710346,-0.284085550510893,0.857667566392728,-0.084132693299647,-0.729431891116243,-0.0806828167933521,-1.92461839907777,-0.830516648873693,1.75847151543693,1.9474022318621,-1.37118865916596,-0.0388469660580528,-0.528396899824337
"119","P810155PCAB","PCAB",48.9929239275,13.8182612041,1.04759900584382,-0.235858807787092,0.161246871009563,-1.19859763714409,-0.267203393322087,0.712114448143791,0.635727323011975,-0.500159731242307,0.231592199381547,-0.592005448335408,0.603071700667935,-0.0219018868047465,-0.31107194454631,0.200179352611374,-1.05519808101635,1.10056414903567,-0.140422629068251,-0.886546408152647,-0.555309390062338
"120","P810156PCAB","PCAB",48.9904388537,13.8120578089,-0.523200025723146,-1.27802042303502,0.205629890228802,-1.20611072590213,-0.648911495736633,0.861859745899138,0.602837367328426,-0.697923556843666,0.18105193180286,-0.730874647406262,0.340134218364419,-0.373684870961401,-0.44909127007838,0.673886668620401,-1.26037392712575,1.10774975990862,-0.830399309683381,-0.135805676444095,-0.555309390062338
"121","P810157PCAB","PCAB",48.9942105478,13.8117145466,0.413449735141585,-0.891634014768999,-0.253649554101307,-1.12817842302172,0.0419165933184481,0.584360248271567,0.144010220862112,-0.49099343571932,0.206071508535657,-0.611152133021591,0.374242999329329,0.354411168979919,-0.517128596406286,-0.264491655749245,-0.450834507467049,0.8743661736696,-0.0601419943392886,-0.965969633487726,-0.555309390062338
"122","P810160PCAB","PCAB",48.9960510108,13.8108893985,0.0566187257835566,0.299830324791651,-0.253649554101307,-1.12817842302172,0.0419165933184481,0.584360248271567,0.144010220862112,-0.49099343571932,0.206071508535657,-0.611152133021591,0.374242999329329,0.354411168979919,-0.517128596406286,-0.264491655749245,-0.450834507467049,0.8743661736696,-0.0601419943392886,-0.956386929984636,-0.648784379516394
"123","P810161PCAB","PCAB",48.9863796653,13.8155517912,-0.593896305249939,-1.86638885810805,-0.0024150624341781,-1.23411542773083,-0.301322452524598,0.691331000034466,0.361442283398629,-0.942352794230941,-0.195027324004669,-0.681245358156219,0.438315061845932,0.125192395327186,-0.465033180151793,0.142155282522499,-1.12285349126579,0.967704911736886,-0.492338180912199,-0.197125558798444,-0.521548877019066
"124","P810163PCAB","PCAB",48.9741284945,13.7993648977,-0.204117612921383,-1.54836101576936,0.296283552799675,-1.26661533555804,-0.91184222407088,0.875830056890854,0.38420201812534,-0.761975938667101,0.178178718785393,-0.659111629810784,0.881906149362792,0.780571133955867,-0.592516401064049,1.00489633457041,-1.63194619608366,0.689515927934653,-0.585943785750941,-0.655963535945836,-0.461671778746409
"125","P810171PCAB","PCAB",48.9786245846,13.8167761644,1.34560044097424,-0.689176657248579,-0.120796582280177,0.318898594305525,0.933981627514819,2.74412648926773,-1.02486386016682,-0.50391964118829,0.319551541918498,0.0357133350072681,-0.912175359221185,0.0773445819936171,-2.39197181507883,-1.15431405914759,2.45289850568563,2.39333339287693,-1.57266658437562,-0.186999240140154,-0.521548877019066
"126","P811001PCAB","PCAB",50.0683419267,17.2622843256,-0.463192569326673,-0.329228310400911,0.551518943206397,-0.287152085105321,-0.829693873370196,0.143292276715812,1.51637074030302,-0.177872994414338,-1.17390326555802,-0.55197200114599,1.40588960880229,-0.0625281170873998,0.778778753818003,1.35044447074487,-2.62545146279929,0.30548390399703,0.414970326477595,-0.12647036459492,0.188349161414241
"127","P811201PCAB","PCAB",50.740461009,15.7614837493,-0.747195025443236,-0.170666939530929,-0.0165389075227382,0.428419286565093,-0.44068975956856,-0.219992990193566,0.19299356066258,0.696468430037123,-0.360437289267288,-0.156259480529993,-0.82838095940038,-1.62947805135199,0.234220886964796,0.241424204644002,0.208656254483024,-0.101716911935041,-0.768697828176381,0.132799895752,0.900084704421512
"128","P811202PCAB","PCAB",50.740461009,15.7614837493,-0.324789639140544,-0.180375741191349,-0.0165389075227382,0.428419286565093,-0.44068975956856,-0.219992990193566,0.19299356066258,0.696468430037123,-0.360437289267288,-0.156259480529993,-0.82838095940038,-1.62947805135199,0.234220886964796,0.241424204644002,0.208656254483024,-0.101716911935041,-0.768697828176381,0.132799895752,0.900084704421512
"129","P811204PCAB","PCAB",50.740461009,15.7614837493,-0.336369998022205,-0.73039496115818,-0.0165389075227382,0.428419286565093,-0.44068975956856,-0.219992990193566,0.19299356066258,0.696468430037123,-0.360437289267288,-0.156259480529993,-0.82838095940038,-1.62947805135199,0.234220886964796,0.241424204644002,0.208656254483024,-0.101716911935041,-0.768697828176381,0.132799895752,0.900084704421512
"130","T005006PCAB","PCAB",50.7670469356,15.5491078695,0.810153042628177,0.976350078925737,-0.380539374510781,0.344768990061943,1.2366862879727,0.275706351452654,0.438021762084353,0.265388071107084,2.08264777218044,-0.10472031415466,-0.235152774148353,-1.02796722344869,-0.0680546456968529,-0.948262505794143,1.63096574692312,1.29442171793301,0.747576276644887,-0.378710569230453,1.65668551383041
"131","T005007PCAB","PCAB",50.7616647671,15.5485728543,0.417929548299522,0.582318754732668,-0.152097165666659,0.687205963454983,1.23855105022631,0.604320642789061,0.636043009004965,0.52680386184696,3.24400384394556,0.483626390337184,0.31043652820912,-0.464780225088278,-0.222847101271748,-0.903726586685733,2.12088004905988,1.46130237219051,1.3628459666961,0.648359826135167,1.49337644324874
"132","T005009PCAB","PCAB",50.7348632396,15.7230077241,0.0148324761852688,-0.151999175930048,0.0765597732135498,1.07271964575439,-0.657834719517859,-0.322047249120043,0.090765072015352,0.848156180723618,0.729046039772099,0.367881086517036,-0.205000740791046,-0.49235690679833,0.264952907497567,0.481931091475771,0.545378416976057,-0.651251575025534,-0.0876445080687504,0.40312347194421,1.04410534474417
"133","T005011PCAB","PCAB",49.1246571932,13.4920017094,-0.271700151313426,-0.144860875818857,-1.03160472405568,0.679148349583389,1.31538712989134,0.0840438496736995,-1.16874760603332,0.43378434221041,0.902184267562515,1.69009200749098,-0.676466216695354,0.775076845953687,-0.984223872058496,-1.34724964108171,3.16584966340795,-0.421677000601897,0.664544390680557,-1.557372421313,-0.113231978657412
"134","T005015PCAB","PCAB",49.1458211864,13.3667144718,-0.516403804499285,0.975122379285806,0.869131920260307,-1.44635542368792,-1.16164298270622,-1.65784829421605,-0.457338464982667,-1.11001485516921,-0.519361032572408,-0.567151503774969,0.783585273512412,2.05482733392479,1.515230098557,1.08195709748623,-3.09201111793544,-2.14493441463267,0.304714336752906,3.04466439673876,0.782653077466065
"135","T005019PCAB","PCAB",49.1611662864,13.3348431661,-0.786247071134437,0.232611810458915,0.384180685906191,-1.15799649100996,-1.83055937084373,-1.38390494038323,-0.261519963539526,-0.960774328940593,-1.16385833182998,-0.547949962335016,1.18757724058384,2.37292230569875,1.27873578756848,3.24656335313474,-3.94039821653219,-2.79059759377068,-0.229586897205682,2.37570167100502,0.814216668398685
"136","T005022PCAB","PCAB",49.1635662065,13.337834994,-1.09612138880747,-0.215465719157744,1.17506674450212,-1.03930006806828,-1.59131404354861,-1.36625749739561,-0.860397854197055,-1.39113473543404,-1.05638348162144,-0.699902016335255,0.292807772751216,1.96335488227056,0.731872636005855,1.93117111081366,-3.15680299506955,-2.24226577763816,-1.04416489425733,1.16320320963062,0.814216668398685
"137","T005024PCAB","PCAB",49.0976953674,13.4086756583,-0.929236278937917,0.742780707032175,0.968741169208612,-1.06863919572404,-1.20515011677366,-1.59571336903961,-0.330033672377607,-1.25541764518992,-1.42914468683018,-0.905707512049156,0.606014952627763,1.52133120532349,1.53482546657582,1.23708379699628,-3.42708008216972,-1.97313715478723,-0.162217881654959,-0.134531315069541,0.920412140075101
"138","T005029PCAB","PCAB",49.0385094847,13.4086308076,-1.53128735845297,-0.188495366283423,1.12982572791352,-1.38715160872144,-1.38547055450382,-1.59325223820219,0.51890749039112,-0.99800661310008,-1.03970329367014,-0.723531366414673,1.49298787398828,1.50957083211205,2.30429746123904,2.13950573667866,-4.42785503600344,-1.97925491444595,0.672256224709767,0.932859532713668,0.927402678157943
"139","U006005PCAB","PCAB",50.7640092727,15.4507179424,1.06267055844913,-0.14381759819079,1.14311356027167,-0.158198577818796,-0.891466458643285,0.0793091237997109,-0.406220674302065,0.54822877587864,0.18707493294444,-0.305419661624443,-1.10549444113625,-1.25322525624503,-0.461901732224653,0.62057253091131,-0.0510902455010925,0.0617127341676642,-1.78579109551324,-1.00721442791644,1.10376363461068
"140","V002222PCAB","PCAB",50.1416765423,17.2111777963,-0.651235268988954,-0.359235926570275,0.547822833712833,0.168249778092309,-1.18103887677295,-0.311155133972071,-0.179236869911532,-0.324377057967348,-0.562803108672252,-0.104832599423618,-0.762113375615829,-1.00718239001665,0.0585532799922852,1.26187432457374,-0.824923244027964,-0.674288793446274,-1.70835303282804,-1.31207367086187,0.146050115230559
"141","V002224PCAB","PCAB",50.1261205027,17.2339546088,-0.700078820140927,-0.802163193673393,0.56174859860424,1.44561791211616,-1.30754597850038,-0.400458700631186,0.158448174928084,1.09571134804321,0.572235350964988,0.306230680128706,-0.35157385169307,-0.824159787869829,0.396511448405386,1.73188490995502,-0.0544886626579237,-1.09529209022101,-0.778470150443834,-0.0573807912911966,0.392773720240358
"142","V002230PCAB","PCAB",50.0424546573,12.6251531601,-0.289231791553545,0.123177735496594,-0.368603904257962,-1.35536772284167,0.576226034752108,-0.931286319040119,-1.52234810054843,-0.365825342534311,0.679153941063304,-0.119845045694395,-1.63404308240713,-0.410204657483259,-0.333590851919475,-1.10843073841468,1.17200657206902,-0.588254573821099,-0.849034264191358,0.279101523271182,-0.812585917037341
"143","V002244PCAB","PCAB",49.6745588635,15.2301996286,-0.678396742148118,-0.0433165966147406,0.137760709472632,-0.0170143643645289,-1.74933493765683,-1.02294095024355,-0.289604418945248,0.639268449118927,0.491948845105043,0.575470031295329,0.0380298768251624,0.497099699837349,0.769496339235338,2.87429537299847,-1.25526277638416,-2.47263504016491,-0.590151102043104,0.33959749791776,-1.69861898636983
"144","V002262PCAB","PCAB",50.7381028077,15.5401061919,-0.286563833229882,-0.77543342120273,1.16508153244903,0.327823912111933,-0.799920005040989,0.142455142188149,-0.232597758872814,0.216787115670785,0.282243889489143,-0.324948373162486,-0.547998549814831,-0.572581325340066,-0.398641288326515,0.554076957422743,-0.202489071700221,0.108908162819437,-1.30731961321832,1.27324920389855,1.1416321408811
"145","V002269PCAB","PCAB",50.2697524494,16.3309101215,-0.757054140047231,-1.72207259239373,-0.119379554274209,1.27000939025825,0.704157913125598,-0.647152845994689,-1.37728197476395,0.057434588367748,0.181033266861266,1.20688779777594,-1.69123156103087,-0.776573004641437,-0.503081665419995,-1.13436535049419,2.59306609375292,-0.798096030408691,-0.762734693637013,-0.606034521085632,-0.170055033686442
"146","V002291PCAB","PCAB",50.5018995985,13.1620832176,0.449795137868772,2.89291404690003,0.803892630635457,2.29216852733775,-0.154822502582077,-0.222402641784864,-0.886342828266362,1.03142540400344,0.616511111109353,0.41262322649628,-0.652976358787079,0.307151475132144,-0.5326053891858,-0.428717275244658,1.80690031643831,-0.640727772887339,-0.374451542487317,0.299086220307332,-0.753141569346517
"147","V002319PCAB","PCAB",48.8898086183,13.9347217601,0.570593957919265,0.282129748035076,0.394444336897541,-0.960751254380023,-0.738721778162303,0.521803027622019,-0.324801964266438,-0.00900942979237746,0.55190397536282,-0.392951979161227,0.954707888647832,2.09940209668626,-0.766108820698716,0.426249944425223,-0.83866786567746,-0.0325435308066288,0.085212158891062,-0.686998085573766,-0.697272451913568
"148","V002326PCAB","PCAB",49.3029026833,14.1216774646,-0.221186609150661,-0.622866930557,-2.46574559242881,0.893035895730288,2.6418875036063,-0.58582247054847,-0.0992619598629,2.33584555109077,3.4756707786368,2.98687024377597,1.80690493522303,3.09242386897827,0.405398161514319,-1.54851828061954,4.09170374439086,-1.25496901559152,5.41611863451097,-0.450376802205903,-2.15099153709008
"149","V002343PCAB","PCAB",50.0742303976,16.353165515,0.751177407278649,-0.556386441466101,-2.38993079450738,2.13927937317021,0.350256543738372,-0.957560082755699,-1.68463946479543,-0.296433281769223,-0.107327589288068,1.67691915284886,-2.3574121702724,-1.56428181418279,-0.437166687559579,-1.03111890919975,3.77937656292133,-1.79950234827442,-1.2242511571736,-1.0778438786035,-1.44178227135824
"150","V002349PCAB","PCAB",50.4314361538,16.0558869153,3.20823868431107,0.917469916846128,-3.01830183546666,2.42102398056978,-0.204706978191201,-1.72507541226411,-2.35189149694602,0.706925088364501,0.30440948341339,2.91433640118751,-2.35785261041298,-0.327234739284222,-0.150788891488724,-0.883072429647032,4.62143335853427,-3.72688798404113,-0.47722438333617,1.07753343168379,-1.70757128371252
"151","V002355PCAB","PCAB",49.8875929829,14.5822793373,5.10344668953818,1.49909510028112,-2.14453778370352,0.410461897564057,0.30082510614795,-1.62119337306584,-2.23294211854078,0.239168683569696,-0.443095894031607,1.76039317455556,-2.38198954098662,-0.619083619476022,-0.168562288263368,-1.16199626905771,3.11540145921436,-2.66360413937181,-0.784654224417579,0.475414591060852,-2.03307892514197
"152","V002362PCAB","PCAB",49.9706003472,13.8364154913,0.314593226685571,0.105661447844616,-4.33244603515171,3.97673507559704,3.81619789391791,1.61180644247607,-2.13635373359056,1.80904273447702,1.35804948038422,4.0062783087777,-1.96328700797668,0.0924364158689084,-2.48502615463748,-2.09620830859345,9.07195412948313,-0.18621862936268,1.2683421841543,0.499851645174167,-2.15509700105979
"153","V002364PCAB","PCAB",50.0414328398,13.2980204061,1.82962158823273,0.680986338315706,-2.53126835598736,0.821164731604564,2.5540920992262,0.303972372912852,-1.63541961759573,2.51175077720083,2.38715122111244,3.19944482310062,-0.952319038570178,1.156912279716,-1.45699787702628,-1.79734985414898,6.11054207345822,-0.827038352248264,2.18365570147187,0.872942960171994,-2.26577044476104
"154","V002367PCAB","PCAB",49.9028387402,15.181448862,3.0498865140826,0.490302621835874,-3.22614335925994,2.39638098549869,0.758617107021052,-1.03834308269759,-2.0918289167515,0.791801844291421,0.432345513134273,2.51825728218165,-2.35230037221499,-0.827425505654157,-0.686681382977817,-1.34454136251548,5.23496064131134,-2.4347392103222,-0.320541771199627,0.330021143709542,-2.05689772563473
"155","V002388PCAB","PCAB",49.8026768516,17.7029426014,-1.05493681995195,-1.03373190987342,-1.16844100523412,0.803750658227931,0.177516428945615,-0.0936132253015809,-0.186396355735551,0.0947892551639757,-0.289195182857829,0.763538835903355,-0.670077288137794,-0.844271823994681,-0.155884810873458,-0.476069238650302,1.43770953491429,-0.346388653042758,-0.175096407110313,2.62984435553463,-1.48868818796227
"156","V002391PCAB","PCAB",49.2861727199,14.2886004174,0.522776228703001,0.196213928316729,-1.35381679880423,-0.115494145623158,0.254047035135933,-1.16030939454787,0.503187171136087,2.30302972986636,1.50338824313234,1.96553841613145,2.33909151438673,2.83254155873321,1.61011663616469,-0.329946801187653,0.589377819692817,-2.16278711050134,4.50368213429046,0.285433849104301,-2.01315249918278
"157","V002393PCAB","PCAB",49.2940720124,14.2919466486,2.41960529381837,3.1396639281394,-2.90186081051883,2.15964066737038,2.06304004291246,0.973028448767894,-0.00681020790095474,2.46448465640076,0.911358754483506,2.36827407634509,0.191061733109066,0.294919355039378,-0.898575953043794,-1.36499924898678,4.8218683813925,0.137954508859703,2.55035058886251,0.5990768232645,-2.03729053582264
"158","V002397PCAB","PCAB",49.566631749,13.780524294,0.201078557484986,0.298903853151034,0.148375607172489,0.647359045735205,0.218546431596703,-0.329734314991537,-0.182764129156158,0.223606077602962,0.665513530948844,1.78613442932709,0.50423016985687,1.09563564055087,0.0745647412993648,-0.505928667612843,1.04864325894423,-0.825349857974059,1.19802996293736,-0.505955882199952,-1.46426624660802
"159","V002422PCAB","PCAB",50.151900855,17.5068212665,-0.30817146071392,1.4320732702528,-0.467967614652834,0.703313508169709,-0.168205640322938,1.03428737944264,-0.0908711817258493,0.0752554140632476,0.02472256348594,0.676189003327204,-0.67548412959058,-0.991999669942534,-0.990941939386413,-0.150036821430605,1.44549830115131,0.674479279510152,-1.02449296894117,-0.890662829765283,-1.19768301412874
"160","V002443PCAB","PCAB",49.7846943881,17.5813661551,1.42337642110598,2.31197253436154,0.102127622857009,-0.0938819015138289,0.493477064082702,0.0394396287810975,-0.995594491243048,-0.427441617301624,0.167541043891583,0.375197624728816,-1.0305752280609,-0.190365974876629,-0.830754217955691,-0.91964672908826,1.3216504316454,0.122837892482066,-0.837435336347044,-0.0922954532832663,-1.28166732004509
"161","V002449PCAB","PCAB",49.7250926978,12.8369697682,0.484156635227225,0.471389618464712,-1.70888111515402,0.532998942326226,-0.286451252662086,-1.07382553450179,-2.01664073394257,0.466355737445664,1.1612994361297,1.11018520746635,-1.49114722910902,0.847265654292765,-0.589268013057039,-0.705030084931404,2.76685701463725,-2.30118595892453,-0.442055894596433,1.83662798955717,-2.05440229804033
"162","V002457PCAB","PCAB",49.7544508419,12.4886523998,0.845002117325694,0.28040971704204,-1.17468601255272,-1.58489082381131,-1.10465620954564,-2.02817748844322,-1.3780493832768,-0.130506556695082,-0.246550028039975,-0.163295220115503,-0.540111396829278,1.44108585906908,1.22539617967701,0.522269301612798,-1.0314590025238,-3.12916510822979,0.0182256181280571,0.359375092475386,-1.39070733691745
"163","V002460PCAB","PCAB",50.3646739046,12.9496994792,0.449817543135036,1.42750464052218,0.344126836789216,1.13887100482285,2.49602880241469,2.14302955967539,-1.46755986141294,1.01927779598838,1.31128963724592,0.880983503578724,-1.39984073432477,-0.0517168879996161,-2.36199156748136,-1.75452999521334,4.42050566585383,2.15223855629462,-0.438397481410984,-0.321582145622288,-0.640855213907972
